experiment_id,dataset,seed,model_summary,optimizer,lr,momentum,weight_decay,epochs_trained,best_val_accuracy,best_val_loss
E0,EMNIST,42,"(128,)/relu/0/False",Adam,0.001,0.0,0.0,20,0.8274305555555556,0.5500951747099558
E1,EMNIST,42,"(256,128)/relu/0/False",Adam,0.001,0.0,0.0,20,0.8488715277777777,0.4934365020857917
E2,EMNIST,42,"(256,128)/relu/0.3/False",Adam,0.001,0.0,0.0,20,0.8380208333333333,0.499010040362676
E3,EMNIST,42,"(256,128)/relu/0/True",Adam,0.001,0.0,0.0,20,0.8421875,0.5550549315081702
E4,EMNIST,42,"(256,128)/relu/0/True",Adam,0.001,0.0,0.0,19,0.8447916666666667,0.5019468744595845
O1,EMNIST,42,"(256,128)/relu/0/True",Adam,0.1,0.0,0.0,8,0.8084201388888889,0.6068281054496765
O2,EMNIST,42,"(256,128)/relu/0/True",Adam,1e-05,0.0,0.0,8,0.6352430555555556,1.942923214700487
O3,EMNIST,42,"(256,128)/relu/0/True",SGD,0.001,0.9,0.0001,15,0.8340277777777778,0.5506891661220127
